expiration_id,protocol,ip_version,tunnel_id,bidirectional_first_seen_ms,bidirectional_last_seen_ms,bidirectional_duration_ms,bidirectional_packets,bidirectional_bytes,src2dst_first_seen_ms,src2dst_last_seen_ms,src2dst_duration_ms,src2dst_packets,src2dst_bytes,dst2src_first_seen_ms,dst2src_last_seen_ms,dst2src_duration_ms,dst2src_packets,dst2src_bytes,bidirectional_min_ps,bidirectional_mean_ps,bidirectional_stddev_ps,bidirectional_max_ps,src2dst_min_ps,src2dst_mean_ps,src2dst_stddev_ps,src2dst_max_ps,dst2src_min_ps,dst2src_mean_ps,dst2src_stddev_ps,dst2src_max_ps,bidirectional_min_piat_ms,bidirectional_mean_piat_ms,bidirectional_stddev_piat_ms,bidirectional_max_piat_ms,src2dst_min_piat_ms,src2dst_mean_piat_ms,src2dst_stddev_piat_ms,src2dst_max_piat_ms,dst2src_min_piat_ms,dst2src_mean_piat_ms,dst2src_stddev_piat_ms,dst2src_max_piat_ms,bidirectional_syn_packets,bidirectional_cwr_packets,bidirectional_ece_packets,bidirectional_urg_packets,bidirectional_ack_packets,bidirectional_psh_packets,bidirectional_rst_packets,bidirectional_fin_packets,src2dst_syn_packets,src2dst_cwr_packets,src2dst_ece_packets,src2dst_urg_packets,src2dst_ack_packets,src2dst_psh_packets,src2dst_rst_packets,src2dst_fin_packets,dst2src_syn_packets,dst2src_cwr_packets,dst2src_ece_packets,dst2src_urg_packets,dst2src_ack_packets,dst2src_psh_packets,dst2src_rst_packets,dst2src_fin_packets,application_confidence,user_agent,content_type,label
-0.1370824823868174,-2.676230888125344,0.0,0.0,1.43798223896275,1.4379880067778916,0.2101445834797731,1.9511185828123698,4.494928804121442,1.43798223896275,1.4379879488924636,0.205042162172822,1.3114367456474305,0.10776097736423924,0.1512356567107248,0.15123570962703853,0.2478332813366314,2.5787173750212316,7.4879062162669605,-0.49485305415602215,6.653753460680103,4.371699774667615,3.857883889142008,-0.5128507814067893,-0.26023481833234646,0.03659332405729764,0.7859608946231277,-1.8111369961859816,6.234361746132417,0.7763083263328929,4.160684405541876,-0.10343034969417647,-0.1461439984138534,-0.16841697285904847,-0.09838615708480132,-0.1084062504074411,-0.1505537002464313,-0.15045773594267797,-0.0933772134209094,-0.0714494863860287,-0.1349181402095567,-0.1426520059428704,-0.06378489951109917,3.8496936578068497,0.0,0.0,0.0,4.75254919418119,0.6842686545799401,-0.19093729161496473,3.830254163857857,3.668190931443009,0.0,0.0,0.0,2.9641046710269934,0.07127582569302518,-0.09151589199402053,3.810543489810672,3.910732856975522,0.0,0.0,0.0,6.406025729764703,1.2007935695785206,-0.17321911401935097,3.8262875595129437,0.11457022661597792,0.0,0.0,0
-0.1370824823868174,0.3407390687432625,0.0,0.0,1.4065558339777715,1.4065527681705479,-0.1960740081961564,-0.071540983107235,-0.08052075648440284,1.4065558339777715,1.406552712571063,-0.2009794826282683,-0.0651997122579357,-0.02938883368334862,0.15089944894446874,0.15089940764162352,-0.1867234049138182,-0.07653983323449205,-0.09903593698426076,-0.6008260020988854,-0.7926843653354421,-0.8528274580941928,-0.7009750976780901,3.4941291788569346,1.0939808445873032,-0.22048006765406938,0.24180232912641797,-1.8366871530893982,-1.4511768895278778,-0.21645753524693764,-1.1469679999507503,0.009957572306536816,-0.05570627822727619,-0.18918989525825564,-0.18246614157189645,-0.1084062504074411,-0.15557419750768584,-0.17947983548286336,-0.2073839416883325,-0.0714494863860287,-0.13916137597718262,-0.1649658348696086,-0.18626394196723606,-0.25261971074321976,0.0,0.0,0.0,-0.08335322064438026,-0.10127155074793442,-0.19093729161496473,-0.2587324004725175,-0.2429501181333186,0.0,0.0,0.0,-0.06388872561390484,-0.09380554071093543,-0.09151589199402053,-0.2574009509673434,-0.2542389753742014,0.0,0.0,0.0,-0.09840829978629038,-0.09963886804988531,-0.17321911401935097,-0.25846445766246373,-10.209559262480978,0.0,0.0,1
7.294878109795345,-2.676230888125344,0.0,0.0,1.4066863486806456,1.4068301289282645,6.57701538615657,-0.05793243786910735,-0.07928365821151596,1.4066863486806456,1.4068302080720616,6.5776771703316905,-0.05139192431505338,-0.028733544761510414,0.15090100011553928,0.15090237401431966,6.340329626217769,-0.06345974846475942,-0.09777485196405124,-0.9187448459274751,-1.4088473088692979,-1.6311362184226372,-1.163357274882811,-0.9309704294343084,-0.4755130189693021,-0.22048006765406938,-0.3591379997264702,-1.862237309992815,-1.4688626170222219,-0.21645753524693764,-1.1591136576292231,-0.033335997911917346,4.903290590287705,6.757377698760525,3.057627862971872,9.980252910089593,8.201155280870038,-0.1777127744017283,3.0758347740974945,16.628038640716213,12.798742074377554,-0.16448071457902838,3.3402391595385406,-0.25261971074321976,0.0,0.0,0.0,-0.04740491950762381,0.06586466315161335,-0.19093729161496473,-0.2587324004725175,-0.2429501181333186,0.0,0.0,0.0,-0.030480573795399438,-0.09380554071093543,-0.09151589199402053,-0.2574009509673434,-0.2542389753742014,0.0,0.0,0.0,-0.06282605673623025,0.20998790281402085,-0.17321911401935097,-0.25846445766246373,-8.488871014298153,0.0,0.0,2
-0.1370824823868174,-2.676230888125344,0.0,0.0,1.6110796612158038,1.6110778010313918,-0.1484151847735632,-0.0486213279693358,-0.07372214185314295,1.6110796612158038,1.6110778234238246,-0.15007143177753335,-0.04586880913790045,-0.02470099755019837,0.1530874967208399,0.15308746720997365,-0.13228294778008365,-0.0503796636950268,-0.09349452689545688,-0.9187448459274751,-0.7083911762722775,-0.5645662597038998,0.8352037059276765,-0.5128507814067893,0.7767865467031595,2.18067160600362,2.1439914015583947,-1.9133376237996484,-1.1644819385669332,0.5420458555080602,-0.17126683311343305,-0.10343034969417647,-0.1239902178974612,-0.1388136211112661,-0.15012768599993678,-0.1084062504074411,-0.11074601409411781,-0.10977278558949212,-0.13035828266696411,-0.0714494863860287,-0.08520552677311066,-0.11356338866692811,-0.11926484964478114,3.8496936578068497,0.0,0.0,0.0,-0.03028668087107311,0.21628725566120632,3.5383548822540556,3.830254163857857,3.668190931443009,0.0,0.0,0.0,-0.021369259663079784,0.23635719209698577,-0.09151589199402053,3.810543489810672,3.910732856975522,0.0,0.0,0.0,-0.037918486601188156,0.17902522572763024,4.475435910384541,3.8262875595129437,0.11457022661597792,0.0,0.0,3
-0.1370824823868174,0.3407390687432625,0.0,0.0,1.6105736131028143,1.6105706501295471,-0.19926030222298696,-0.071540983107235,-0.08033085104777546,1.6105736131028143,1.6105706710337129,-0.2009794826282683,-0.0651997122579357,-0.029633666906892567,0.15308208289840858,0.15308204158374172,-0.1867234049138182,-0.07653983323449205,-0.09840079197408225,-0.03563694640361481,-0.29610567729006476,-0.35293497322195483,-0.3608758103126343,-0.05988782937697708,-0.16655753401721446,-0.22048006765406938,-0.24084265940109853,-0.07372632675364471,-0.23086169241814095,-0.21645753524693764,-0.3089176201361251,-0.04817950770110163,-0.10319173201376115,-0.18918989525825564,-0.1979228271164602,-0.1084062504074411,-0.15557419750768584,-0.17947983548286336,-0.2073839416883325,-0.0714494863860287,-0.13916137597718262,-0.1649658348696086,-0.18626394196723606,-0.25261971074321976,0.0,0.0,0.0,-0.08335322064438026,-0.10127155074793442,-0.19093729161496473,-0.2587324004725175,-0.2429501181333186,0.0,0.0,0.0,-0.06388872561390484,-0.09380554071093543,-0.09151589199402053,-0.2574009509673434,-0.2542389753742014,0.0,0.0,0.0,-0.09840829978629038,-0.09963886804988531,-0.17321911401935097,-0.25846445766246373,0.11457022661597792,0.0,0.0,4
-0.1370824823868174,0.3407390687432625,0.0,0.0,1.610560449926561,1.6105574854723852,-0.1993280957129195,-0.071540983107235,-0.08028382684442012,1.610560449926561,1.6105575078458887,-0.2009794826282683,-0.0651997122579357,-0.029614464301124414,0.1530819420596378,0.1530819007449717,-0.1867234049138182,-0.07653983323449205,-0.09834556197319716,0.24695758144402047,-0.17314333548835226,-0.28445655063671677,-0.29209168477804776,0.21885860264136894,-0.06769177883254643,-0.22048006765406938,-0.2029881504969796,0.0795746146668556,-0.12474732745207687,-0.21645753524693764,-0.23604367406528812,-0.049416466850200326,-0.10420206081772891,-0.18918989525825564,-0.19825169276634455,-0.1084062504074411,-0.15557419750768584,-0.17947983548286336,-0.2073839416883325,-0.0714494863860287,-0.13916137597718262,-0.1649658348696086,-0.18626394196723606,-0.25261971074321976,0.0,0.0,0.0,-0.08335322064438026,-0.10127155074793442,-0.19093729161496473,-0.2587324004725175,-0.2429501181333186,0.0,0.0,0.0,-0.06388872561390484,-0.09380554071093543,-0.09151589199402053,-0.2574009509673434,-0.2542389753742014,0.0,0.0,0.0,-0.09840829978629038,-0.09963886804988531,-0.17321911401935097,-0.25846445766246373,0.11457022661597792,0.0,0.0,4
-0.1370824823868174,-4.047580868520165,0.0,0.0,1.6105375340355834,1.610534505380107,-0.20228841143997486,-0.07225722233029436,-0.08039777010639654,1.6105375340355834,1.6105345919347673,-0.2009794826282683,-0.0651997122579357,-0.02910799557398939,-7.362024306121859,-7.362024306732972,-0.1867234049138182,-0.07799317598668457,-0.0991862853200035,7.700388253425401,0.8720365698262038,-1.660872844600002,-0.2538782817032775,7.570795747125245,2.5398925141630735,-0.22048006765406938,0.7954245218491575,-2.2540063825118715,-1.7400437719354969,-0.21645753524693764,-1.3453470753658066,-0.10343034969417647,-0.1483197519243213,-0.18918989525825564,-0.21261215947796053,-0.1084062504074411,-0.15557419750768584,-0.17947983548286336,-0.2073839416883325,-0.0714494863860287,-0.13916137597718262,-0.1649658348696086,-0.18626394196723606,-0.25261971074321976,0.0,0.0,0.0,-0.08335322064438026,-0.10127155074793442,-0.19093729161496473,-0.2587324004725175,-0.2429501181333186,0.0,0.0,0.0,-0.06388872561390484,-0.09380554071093543,-0.09151589199402053,-0.2574009509673434,-0.2542389753742014,0.0,0.0,0.0,-0.09840829978629038,-0.09963886804988531,-0.17321911401935097,-0.25846445766246373,0.11457022661597792,0.0,0.0,4
-0.1370824823868174,0.3407390687432625,0.0,0.0,1.6109122644365843,1.610909305668192,-0.19907951958316678,-0.071540983107235,-0.08033085104777546,1.6109122644365843,1.6109093226651672,-0.2009794826282683,-0.0651997122579357,-0.029633666906892567,0.15308570591944104,0.15308566460475456,-0.1867234049138182,-0.07653983323449205,-0.09840079197408225,-0.03563694640361481,-0.29610567729006476,-0.35293497322195483,-0.3608758103126343,-0.05988782937697708,-0.16655753401721446,-0.22048006765406938,-0.24084265940109853,-0.07372632675364471,-0.23086169241814095,-0.21645753524693764,-0.3089176201361251,-0.04488094997017179,-0.10049752186984712,-0.18918989525825564,-0.19704585205010197,-0.1084062504074411,-0.15557419750768584,-0.17947983548286336,-0.2073839416883325,-0.0714494863860287,-0.13916137597718262,-0.1649658348696086,-0.18626394196723606,-0.25261971074321976,0.0,0.0,0.0,-0.08335322064438026,-0.10127155074793442,-0.19093729161496473,-0.2587324004725175,-0.2429501181333186,0.0,0.0,0.0,-0.06388872561390484,-0.09380554071093543,-0.09151589199402053,-0.2574009509673434,-0.2542389753742014,0.0,0.0,0.0,-0.09840829978629038,-0.09963886804988531,-0.17321911401935097,-0.25846445766246373,0.11457022661597792,0.0,0.0,4
-0.1370824823868174,-2.676230888125344,0.0,0.0,1.610695501949392,1.6106940809164259,-0.12814493128372625,-0.04933756719239515,-0.07303124778846051,1.610695501949392,1.6106940974156323,-0.13007426133683186,-0.04724958793218868,-0.02376487051900093,0.153083386949065,0.15308336207693748,-0.11088871840026344,-0.0503796636950268,-0.09351907356251692,-0.9187448459274751,-0.5653903395807611,-0.03345196740303041,2.0847819864726658,-0.5128507814067893,1.2458103971923289,3.5850787079006334,3.691294453014257,-1.9133376237996484,-1.1669641459345603,0.536212473682077,-0.17936393823241492,-0.10343034969417647,-0.11378966019704802,-0.11795809830914049,-0.13302667220595132,-0.1084062504074411,-0.08833421820744103,-0.07422681658969427,-0.11066422212172788,-0.0714494863860287,-0.06400174056280707,-0.09367916256068046,-0.10092825595653032,3.8496936578068497,0.0,0.0,0.0,-0.03199850473472818,0.21628725566120632,3.5383548822540556,3.830254163857857,3.668190931443009,0.0,0.0,0.0,-0.024406364373853004,0.23635719209698577,-0.09151589199402053,3.810543489810672,3.910732856975522,0.0,0.0,0.0,-0.037918486601188156,0.17902522572763024,4.475435910384541,3.8262875595129437,0.11457022661597792,0.0,0.0,4
-0.1370824823868174,0.3407390687432625,0.0,0.0,1.6107420216049269,1.6107390597534463,-0.1992151065630319,-0.071540983107235,-0.08030914756930377,1.6107420216049269,1.6107390796838612,-0.2009794826282683,-0.0651997122579357,-0.029633666906892567,0.15308388458637712,0.1530838432717005,-0.1867234049138182,-0.07653983323449205,-0.09836397197349218,-0.03563694640361481,-0.2393538272277359,-0.2707608661196693,-0.31501972662290995,-0.05988782937697708,-0.16655753401721446,-0.22048006765406938,-0.24084265940109853,0.028474300860022166,-0.16011878244076488,-0.21645753524693764,-0.26033498942223376,-0.047354868268369175,-0.10251817947778265,-0.18918989525825564,-0.19770358334987065,-0.1084062504074411,-0.15557419750768584,-0.17947983548286336,-0.2073839416883325,-0.0714494863860287,-0.13916137597718262,-0.1649658348696086,-0.18626394196723606,-0.25261971074321976,0.0,0.0,0.0,-0.08335322064438026,-0.10127155074793442,-0.19093729161496473,-0.2587324004725175,-0.2429501181333186,0.0,0.0,0.0,-0.06388872561390484,-0.09380554071093543,-0.09151589199402053,-0.2574009509673434,-0.2542389753742014,0.0,0.0,0.0,-0.09840829978629038,-0.09963886804988531,-0.17321911401935097,-0.25846445766246373,0.11457022661597792,0.0,0.0,4
-0.1370824823868174,0.3407390687432625,0.0,0.0,-0.7094768228282007,-0.7094817265809439,-0.19860496515363882,-0.0701085046611163,-0.08002881097237764,-0.7094768228282007,-0.7094817641146404,-0.19912663745749146,-0.06381893346364746,-0.029184805997062,0.12826158612924754,0.1282615453788162,-0.18474111473399307,-0.07508649048229954,-0.09846215864173234,0.21163326546306604,-0.6602633818566748,-1.2175048038469032,-0.6512976736808886,0.18401529863907568,0.5872938492658794,0.9686107747939257,0.30331590609561127,-1.3682676098600917,-1.0444051571579656,0.017820327414549315,-0.810938137513002,-0.10301802997781025,-0.13002157469690515,-0.16809864745190076,-0.20373278693108346,-0.08082230685234935,-0.13273231798758992,-0.17947983548286336,-0.19841220299550266,-0.02580269727897901,-0.10379777321287968,-0.1649658348696086,-0.17662547605418114,-0.25261971074321976,0.0,0.0,0.0,-0.08335322064438026,-0.10127155074793442,-0.19093729161496473,-0.2587324004725175,-0.2429501181333186,0.0,0.0,0.0,-0.06388872561390484,-0.09380554071093543,-0.09151589199402053,-0.2574009509673434,-0.2542389753742014,0.0,0.0,0.0,-0.09840829978629038,-0.09963886804988531,-0.17321911401935097,-0.25846445766246373,0.11457022661597792,0.0,0.0,5
-0.1370824823868174,0.3407390687432625,0.0,0.0,1.4053522653972919,1.4053491275347478,-0.19935069354289703,-0.071540983107235,-0.08047192365784152,1.4053522653972919,1.4053491429326113,-0.2009794826282683,-0.0651997122579357,-0.029640867884055625,0.15088657209811188,0.1508865307953364,-0.1867234049138182,-0.07653983323449205,-0.09863091697777011,-0.14160989434647803,-0.6649927026952022,-0.845979615835669,-0.6474763333734117,-0.16441774138385684,-0.20363219221146497,-0.22048006765406938,-0.2550381002401431,-0.7124802493390626,-0.6730048797767413,-0.21645753524693764,-0.6125590620979459,-0.04982878656656655,-0.10453883708571818,-0.18918989525825564,-0.19836131464963933,-0.1084062504074411,-0.15557419750768584,-0.17947983548286336,-0.2073839416883325,-0.0714494863860287,-0.13916137597718262,-0.1649658348696086,-0.18626394196723606,-0.25261971074321976,0.0,0.0,0.0,-0.08335322064438026,-0.10127155074793442,-0.19093729161496473,-0.2587324004725175,-0.2429501181333186,0.0,0.0,0.0,-0.06388872561390484,-0.09380554071093543,-0.09151589199402053,-0.2574009509673434,-0.2542389753742014,0.0,0.0,0.0,-0.09840829978629038,-0.09963886804988531,-0.17321911401935097,-0.25846445766246373,0.11457022661597792,0.0,0.0,6
-0.1370824823868174,0.3407390687432625,0.0,0.0,1.4053596791458705,1.4053565388398794,-0.19946368269278464,-0.071540983107235,-0.08046468916501762,1.4053596791458705,1.4053565566877069,-0.2009794826282683,-0.0651997122579357,-0.02962166527828747,0.15088665138609422,0.15088661008331833,-0.1867234049138182,-0.07653983323449205,-0.09864319031130013,0.14098463350115722,-0.6460754193410926,-0.9281537229379547,-0.6627616946033198,0.11432869063448918,-0.10476643702679694,-0.22048006765406938,-0.2171835913360242,-0.746547125210285,-0.6965858497692,-0.21645753524693764,-0.6287532723359096,-0.0518903851483977,-0.10622271842566444,-0.18918989525825564,-0.19890942406611323,-0.1084062504074411,-0.15557419750768584,-0.17947983548286336,-0.2073839416883325,-0.0714494863860287,-0.13916137597718262,-0.1649658348696086,-0.18626394196723606,-0.25261971074321976,0.0,0.0,0.0,-0.08335322064438026,-0.10127155074793442,-0.19093729161496473,-0.2587324004725175,-0.2429501181333186,0.0,0.0,0.0,-0.06388872561390484,-0.09380554071093543,-0.09151589199402053,-0.2574009509673434,-0.2542389753742014,0.0,0.0,0.0,-0.09840829978629038,-0.09963886804988531,-0.17321911401935097,-0.25846445766246373,0.11457022661597792,0.0,0.0,7
-0.1370824823868174,-2.676230888125344,0.0,0.0,0.9002749144868428,0.9002716248973006,-0.18671850658546243,-0.06939226543805696,-0.08041947358486824,0.9002749144868428,0.9002716836524999,-0.18550144675043723,-0.062438154669359223,-0.029415237266279832,0.14548312755531145,0.14548308630276824,-0.18662670783187552,-0.07508649048229954,-0.09883035864763293,-0.49485305415602215,-1.2996675592255795,-1.6089013759732338,-1.0945731493482243,-0.5128507814067893,-0.32721438619230003,-0.22048006765406938,-0.3023562363702918,-1.8111369961859816,-1.398119707044846,-0.11605273696344325,-1.0862397115583862,-0.10343034969417647,-0.09031003976317215,-0.09132675046941993,-0.16361117764519453,-0.028345536186565035,-0.060167566585334,-0.12228093404828387,-0.1584770246676625,-0.06922281374666042,-0.137436322183802,-0.1649658348696086,-0.18579377289830656,-0.25261971074321976,0.0,0.0,0.0,-0.07479410132610492,-0.10127155074793442,-0.19093729161496473,5.874747446023044,-0.2429501181333186,0.0,0.0,0.0,-0.05477741148158518,-0.09380554071093543,-0.09151589199402053,7.878487930588687,-0.2542389753742014,0.0,0.0,0.0,-0.09129185117627836,-0.09963886804988531,-0.17321911401935097,3.8262875595129437,-8.488871014298153,0.0,0.0,8
-0.1370824823868174,0.3407390687432625,0.0,0.0,0.9003885924549886,0.9003849653933627,-0.20228841143997486,-0.07225722233029436,-0.080797475834917,0.9003885924549886,0.9003850261124408,-0.2009794826282683,-0.0651997122579357,-0.029638467558334606,-7.362024306121859,-7.362024306732972,-0.1867234049138182,-0.07799317598668457,-0.0991862853200035,-0.10628557836552363,-1.2183232408029083,-1.660872844600002,-1.0983944896557014,-0.12957443738156357,-0.1912739728133815,-0.22048006765406938,-0.2503062866271283,-2.2540063825118715,-1.7400437719354969,-0.21645753524693764,-1.3453470753658066,-0.10343034969417647,-0.1483197519243213,-0.18918989525825564,-0.21261215947796053,-0.1084062504074411,-0.15557419750768584,-0.17947983548286336,-0.2073839416883325,-0.0714494863860287,-0.13916137597718262,-0.1649658348696086,-0.18626394196723606,-0.25261971074321976,0.0,0.0,0.0,-0.08335322064438026,-0.10127155074793442,-0.19093729161496473,-0.2587324004725175,-0.2429501181333186,0.0,0.0,0.0,-0.06388872561390484,-0.09380554071093543,-0.09151589199402053,-0.2574009509673434,-0.2542389753742014,0.0,0.0,0.0,-0.09840829978629038,-0.09963886804988531,-0.17321911401935097,-0.25846445766246373,0.11457022661597792,0.0,0.0,9
-0.1370824823868174,-2.676230888125344,0.0,0.0,0.9003679337104359,0.9004376700762627,3.1815106493941196,-0.06437859087664151,-0.07966889495438863,0.9003679337104359,0.9004376220308274,3.1774803252280077,-0.05967659708078277,-0.029165603391293846,0.1454841203664365,0.1454848626953082,3.427330032694227,-0.06781977672133697,-0.0978761069656739,-0.49485305415602215,-1.2727104304459735,-1.4847487911892638,-0.8996847936668957,-0.5128507814067893,-0.32721438619230003,-0.22048006765406938,-0.3023562363702918,-1.8111369961859816,-1.3804339795505018,0.06530273112680071,-0.8797635310243481,-0.10343034969417647,4.436123736140319,9.193431334856767,4.720153345020482,4.550589093958667,10.25684086982677,5.891767382122655,4.74195229622448,-0.07089281822618664,10.606486211956334,8.857322244480759,5.128644755479158,-0.25261971074321976,0.0,0.0,0.0,-0.06281133428051942,-0.08455792935797965,-0.19093729161496473,3.830254163857857,-0.2429501181333186,0.0,0.0,0.0,-0.048703202060038746,-0.09380554071093543,-0.09151589199402053,3.810543489810672,-0.2542389753742014,0.0,0.0,0.0,-0.07350072965124829,-0.06867619096349468,-0.17321911401935097,3.8262875595129437,0.11457022661597792,0.0,0.0,9
-0.1370824823868174,-2.676230888125344,0.0,0.0,0.9004044052183628,0.9004026708038767,-0.11499299423680866,0.16123676438705378,0.4486842022070775,0.9004044052183628,0.9004026149181461,-0.11907016867624247,0.08254361873090503,-0.015046887500259653,0.1454845104484238,0.14548448826440474,-0.09868071180499881,0.24028888674347607,0.780428187109593,-0.9187448459274751,6.655663311983482,4.382464212709564,3.857883889142008,-0.5128507814067893,-0.2670252806053379,0.19979546400012924,0.7812290810101128,-1.9133376237996484,5.976936333758665,2.7246068225389655,4.160684405541876,-0.10343034969417647,-0.14432905645425234,-0.16786539393758512,-0.1842200917046129,-0.1084062504074411,-0.146137017970377,-0.15046004175030908,-0.179046376792687,-0.0714494863860287,-0.1319565068080401,-0.14305572055891455,-0.15476261434895902,3.8496936578068497,0.0,0.0,0.0,0.4712777111798622,0.166146391491342,3.5383548822540556,3.830254163857857,3.668190931443009,0.0,0.0,0.0,0.2610814784388295,0.038259552412233055,-0.09151589199402053,3.810543489810672,3.910732856975522,0.0,0.0,0.0,0.6737263744000146,0.2719132569868021,4.475435910384541,3.8262875595129437,0.11457022661597792,0.0,0.0,9
-0.1370824823868174,-2.676230888125344,0.0,0.0,0.9003903116489989,0.900396262403591,0.23947656679059623,0.21208974922426765,0.4306250994954175,0.9003903116489989,0.9003962099471994,0.2355237247993828,0.19576747986253995,-0.00221954684713372,0.14548435971896598,0.1454844197057478,0.2802993265988896,0.2243021164693584,0.7333937046891752,-0.9187448459274751,4.907406812951597,4.637372948470086,3.857883889142008,-0.5128507814067893,-0.22275491064849912,0.04722778477238984,0.5067838914552506,-1.9133376237996484,5.950583491975187,2.8796384280379885,4.160684405541876,-0.10343034969417647,-0.13173627771041216,-0.14353227318220985,-0.1377404131876268,-0.1084062504074411,-0.1271021734678605,-0.1310971760557586,-0.13265592306390833,-0.0714494863860287,-0.0989122041966024,-0.11645404396199852,-0.10598257344752253,3.8496936578068497,0.0,0.0,0.0,0.5928172054993721,0.2664281198310707,3.5383548822540556,3.830254163857857,3.668190931443009,0.0,0.0,0.0,0.5101240647222334,0.038259552412233055,-0.09151589199402053,3.810543489810672,3.910732856975522,0.0,0.0,0.0,0.6345859070449484,0.4576893195051458,4.475435910384541,3.8262875595129437,0.11457022661597792,0.0,0.0,9
-0.1370824823868174,-2.676230888125344,0.0,0.0,0.900427408318384,0.9004241164076462,-0.18683149573535004,-0.06652730854581955,-0.0797575174914814,0.900427408318384,0.9004241771281487,-0.18552404242325157,-0.061057375875071,-0.029153601762688754,0.14548475538313757,0.1454847165416698,-0.17550654340846614,-0.070726462225722,-0.09804179696832917,-0.9187448459274751,-1.1437050675728093,-1.2851938134960774,-0.7544738619827686,-0.9309704294343084,-0.15110975976961008,0.3546330296135719,0.02413890292773406,-1.8111369961859816,-1.3002586815761423,0.3057707618533156,-0.7259185337636923,-0.10343034969417647,-0.11952538101124002,-0.11170954199649219,-0.1621860931623624,-0.1084062504074411,-0.0920626300615655,-0.09025126231500649,-0.15694526440303302,-0.0714494863860287,-0.08913481596914431,-0.07412577408199905,-0.1321944990403426,-0.25261971074321976,0.0,0.0,0.0,-0.06965862973513971,-0.06784430796802488,1.6737087953195453,7.919240728188232,-0.2429501181333186,0.0,0.0,0.0,-0.05477741148158518,-0.060789267430143304,3.1916506783552623,7.878487930588687,-0.2542389753742014,0.0,0.0,0.0,-0.08061717826126032,-0.06867619096349468,-0.17321911401935097,7.911039576688351,0.11457022661597792,0.0,0.0,9
-0.1370824823868174,-2.676230888125344,0.0,0.0,0.9003830865267222,0.9004439809787153,2.773687611789786,-0.06652730854581955,-0.0799456143049028,0.9003830865267222,0.9004439197051599,2.7690861347814106,-0.05967659708078277,-0.02908639264250022,0.1454842824332319,0.1454849302109091,2.99125036740318,-0.07217980497791451,-0.09844681697481981,-0.49485305415602215,-1.2530049269521093,-1.5199503069646263,-1.0143250028912065,-0.5128507814067893,-0.24565013816494888,0.009312096106069619,-0.14620638714080117,-1.8111369961859816,-1.3848554114240879,-0.021216022489640253,-1.0012201078090763,-0.10343034969417647,5.395564880614298,10.083934471006588,4.729361583217244,-0.03070026307541433,8.99816974041758,8.275945858964752,4.742389942014373,22.69071156955619,18.758946684990416,0.8403357868029252,5.140986693538557,-0.25261971074321976,0.0,0.0,0.0,-0.06794680587148463,-0.06784430796802488,-0.19093729161496473,-0.2587324004725175,-0.2429501181333186,0.0,0.0,0.0,-0.048703202060038746,-0.060789267430143304,-0.09151589199402053,-0.2574009509673434,-0.2542389753742014,0.0,0.0,0.0,-0.08417540256626634,-0.06867619096349468,-0.17321911401935097,-0.25846445766246373,0.11457022661597792,0.0,0.0,9
-0.1370824823868174,-2.676230888125344,0.0,0.0,0.9004315860235209,0.9004291088846272,-0.1492513044827315,0.21208974922426765,0.5585019946506713,0.9004315860235209,0.9004290623086971,-0.15289589087932734,0.11982464617668726,-0.011331183284122127,0.14548480124091223,0.14548477110555502,-0.13535308013176406,0.3042359678399467,0.9619845416857914,-0.9187448459274751,6.587717871078435,4.404721710716109,3.857883889142008,-0.5128507814067893,-0.2658810010314414,0.2566009669649177,0.9326471166265886,-1.9133376237996484,6.012222528456009,2.5601884858926875,4.160684405541876,-0.10343034969417647,-0.14632878491935714,-0.17430344991525518,-0.18290462910507554,-0.1084062504074411,-0.15115050624278195,-0.15895370568583814,-0.1777334394230046,-0.0714494863860287,-0.13566353312323812,-0.14959269492693647,-0.15393981847833238,3.8496936578068497,0.0,0.0,0.0,0.5928172054993721,0.08257828454156813,3.5383548822540556,3.830254163857857,3.668190931443009,0.0,0.0,0.0,0.34308330562970635,0.038259552412233055,-0.09151589199402053,3.810543489810672,3.910732856975522,0.0,0.0,0.0,0.8302882438202792,0.11709987155484902,4.475435910384541,3.8262875595129437,0.11457022661597792,0.0,0.0,9
-0.1370824823868174,-2.676230888125344,0.0,0.0,0.9004327496273323,0.9004324884828818,-0.047041319494401004,1.9095767078749275,4.546241253098159,0.9004327496273323,0.9004324081012921,-0.052254764164203736,1.1954513269272191,0.08607403447483192,0.14548481375758454,0.14548480726133603,-0.026327120241380886,2.616504286578237,7.60268029477294,-0.9187448459274751,6.928136931920584,4.306811329266136,3.857883889142008,-0.5128507814067893,-0.3171817835737246,-0.04890519406982258,0.8853289804964399,-1.9133376237996484,6.2414722625373145,0.8220113929779603,4.160684405541876,-0.10343034969417647,-0.1474835925599967,-0.18184525134296878,-0.18104105708906432,-0.1084062504074411,-0.15356600619251912,-0.16927945918046694,-0.17751461652805753,-0.0714494863860287,-0.1376171595822716,-0.15711453871566738,-0.15241176900431147,3.8496936578068497,0.0,0.0,0.0,4.649839762361887,0.3499962267808446,3.5383548822540556,3.830254163857857,3.668190931443009,0.0,0.0,0.0,2.708987875322043,0.038259552412233055,-0.09151589199402053,3.810543489810672,3.910732856975522,0.0,0.0,0.0,6.491423113084847,0.6125027049370988,4.475435910384541,3.8262875595129437,0.11457022661597792,0.0,0.0,9
-0.1370824823868174,-2.676230888125344,0.0,0.0,0.9004227524333229,0.9004208083404651,-0.12466486546718793,0.654725589074946,1.6031012652328072,0.9004227524333229,0.9004207514755166,-0.12878630798641383,0.39736118382862173,0.013411374248142491,0.14548470676834044,0.14548468230427322,-0.10919651946626636,0.9102798955042252,2.7025211995787646,-0.9187448459274751,6.854050229988592,4.3309528053887085,3.857883889142008,-0.5128507814067893,-0.3078678879679196,-0.002729440295361973,0.6582019270717263,-1.9133376237996484,6.176087854532877,1.5247435872750768,4.160684405541876,-0.10343034969417647,-0.14718002140161876,-0.17782637049612665,-0.18279500722178077,-0.1084062504074411,-0.15291748818600012,-0.16339221260739906,-0.17762402797553106,-0.0714494863860287,-0.13712446599361428,-0.1530863499670179,-0.1532345648749381,3.8496936578068497,0.0,0.0,0.0,1.6507243532382052,0.166146391491342,3.5383548822540556,3.830254163857857,3.668190931443009,0.0,0.0,0.0,0.9535413524951232,0.038259552412233055,-0.09151589199402053,3.810543489810672,3.910732856975522,0.0,0.0,0.0,2.314067779007787,0.2719132569868021,4.475435910384541,3.8262875595129437,0.11457022661597792,0.0,0.0,9
-0.1370824823868174,-2.676230888125344,0.0,0.0,0.9004291054651641,0.9004267846146765,-0.1420425967199021,0.18487265874801234,0.5004325293764331,0.9004291054651641,0.9004267385286007,-0.14566527557873474,0.10049374305665203,-0.01365469858206859,0.14548477477664154,0.14548474623993815,-0.12797992763363392,0.26935574178732635,0.8664397084879708,-0.9187448459274751,6.631009376915002,4.398184651471025,3.857883889142008,-0.5128507814067893,-0.28329674700902796,0.08468018317360286,0.40268399196892346,-1.9133376237996484,6.0226092860317575,2.5174735907770303,4.160684405541876,-0.10343034969417647,-0.14581878944393317,-0.16945220408437997,-0.16108987432941463,-0.1084062504074411,-0.14989158357829613,-0.1517927734202348,-0.15596056137577122,-0.0714494863860287,-0.13475813992895266,-0.14148607743026548,-0.10527731984412826,3.8496936578068497,0.0,0.0,0.0,0.5294797225441346,0.08257828454156813,1.6737087953195453,5.874747446023044,3.668190931443009,0.0,0.0,0.0,0.30056383967888134,0.038259552412233055,-0.09151589199402053,7.878487930588687,3.910732856975522,0.0,0.0,0.0,0.7484490848051408,0.11709987155484902,2.1511083981825947,3.8262875595129437,0.11457022661597792,0.0,0.0,9
-0.1370824823868174,-4.047580868520165,0.0,0.0,0.9003670082167097,0.9003967077580145,1.3348611792910041,-0.07082474388417566,-0.08041404771525032,0.9003670082167097,0.9003967684775198,1.3360233735495806,-0.062438154669359223,-0.02912959850547856,-7.362024306121859,-7.362024306732972,-0.1867234049138182,-0.07799317598668457,-0.0991862853200035,0.8827952691011998,-0.947175512727337,-1.649690365018368,-0.9837542804313903,0.8460380746826475,0.16299498326501258,-0.20250064900089798,-0.10835187823668224,-2.2540063825118715,-1.7400437719354969,-0.21645753524693764,-1.3453470753658066,9.668959247901844,11.305777898658231,6.468852831523443,4.645939330029917,7.864362605680726,9.31851317271161,5.463780200790002,4.641840821786196,-0.0714494863860287,-0.13916137597718262,-0.1649658348696086,-0.18626394196723606,-0.25261971074321976,0.0,0.0,0.0,-0.08335322064438026,-0.10127155074793442,-0.19093729161496473,-0.2587324004725175,-0.2429501181333186,0.0,0.0,0.0,-0.06388872561390484,-0.09380554071093543,-0.09151589199402053,-0.2574009509673434,-0.2542389753742014,0.0,0.0,0.0,-0.09840829978629038,-0.09963886804988531,-0.17321911401935097,-0.25846445766246373,0.11457022661597792,0.0,0.0,9
-0.1370824823868174,-2.676230888125344,0.0,0.0,0.9004197647886737,0.9004191239306653,-0.0645546377269803,1.865169876045248,4.455757642726437,0.9004197647886737,0.9004190749046775,-0.06832028753520798,1.1595510782757252,0.08184946120583834,0.14548467482147373,0.14548466428403908,-0.04496548278583442,2.5641839474993064,7.45457491073281,-0.9187448459274751,6.953569156842286,4.298662367345565,3.857883889142008,-0.5128507814067893,-0.3225661370042825,-0.1328373228080792,0.20394782022229904,-1.9133376237996484,6.242999829698773,0.7973728300034338,4.160684405541876,-0.10343034969417647,-0.147560915934157,-0.18233795038344452,-0.18356236040484422,-0.1084062504074411,-0.15373042877968404,-0.16973505385107251,-0.17817108521289873,-0.0714494863860287,-0.1377695604234699,-0.1577871125683749,-0.15405736074556475,3.8496936578068497,0.0,0.0,0.0,4.543706682815272,0.3332826053908898,3.5383548822540556,3.830254163857857,3.668190931443009,0.0,0.0,0.0,2.630023152841939,0.038259552412233055,-0.09151589199402053,3.810543489810672,3.910732856975522,0.0,0.0,0.0,6.363327038104631,0.5815400278507082,4.475435910384541,3.8262875595129437,0.11457022661597792,0.0,0.0,9
-0.1370824823868174,-2.676230888125344,0.0,0.0,0.900411182536899,0.9004146831248404,0.12646481907301035,2.37011852830209,5.479684350064279,0.900411182536899,0.9004146321389356,0.12259055207325172,1.5751654953564829,0.1230198479727575,0.14548458294343827,0.14548461677519609,0.15966971687538367,3.151334419385082,9.139040844393888,-0.9187448459274751,6.711290603354996,4.377757662319618,3.857883889142008,-0.5128507814067893,-0.3081521705690159,-0.10832311030034446,0.40268399196892346,-1.9133376237996484,6.248060222374161,0.7182546308154619,4.160684405541876,-0.10343034969417647,-0.1468829715293924,-0.18092273405839537,-0.184658579237792,-0.1084062504074411,-0.152216476858842,-0.16827692323573587,-0.17937461113510764,-0.0714494863860287,-0.13637903741287025,-0.15606316256709518,-0.15558541021958563,3.8496936578068497,0.0,0.0,0.0,5.750542506692096,0.9516865968192165,3.5383548822540556,3.830254163857857,3.668190931443009,0.0,0.0,0.0,3.5441916707846777,0.038259552412233055,-0.09151589199402053,3.810543489810672,3.910732856975522,0.0,0.0,0.0,7.800849657327061,1.727159080047161,4.475435910384541,3.8262875595129437,0.11457022661597792,0.0,0.0,9
-0.1370824823868174,0.3407390687432625,0.0,0.0,0.9003885924549886,0.9003850957170993,-0.1962773886659541,-0.071540983107235,-0.08068353257294059,0.9003885924549886,0.9003850261124408,-0.2009794826282683,-0.0651997122579357,-0.029638467558334606,0.1454843415152797,0.14548430024176395,-0.1867234049138182,-0.07653983323449205,-0.09899298031690569,-0.10628557836552363,-1.2183232408029083,-1.660872844600002,-1.0983944896557014,-0.12957443738156357,-0.1912739728133815,-0.22048006765406938,-0.2503062866271283,-1.7174530875401202,-1.3686434945542725,-0.21645753524693764,-1.0902882641178773,0.006246694859240745,-0.058737264639179484,-0.18918989525825564,-0.18345273852154945,-0.1084062504074411,-0.15557419750768584,-0.17947983548286336,-0.2073839416883325,-0.0714494863860287,-0.13916137597718262,-0.1649658348696086,-0.18626394196723606,-0.25261971074321976,0.0,0.0,0.0,-0.08335322064438026,-0.10127155074793442,-0.19093729161496473,-0.2587324004725175,-0.2429501181333186,0.0,0.0,0.0,-0.06388872561390484,-0.09380554071093543,-0.09151589199402053,-0.2574009509673434,-0.2542389753742014,0.0,0.0,0.0,-0.09840829978629038,-0.09963886804988531,-0.17321911401935097,-0.25846445766246373,0.11457022661597792,0.0,0.0,9
-0.1370824823868174,-2.676230888125344,0.0,0.0,0.9004275543200412,0.9004254779477375,-0.13076627956111878,0.19704872554002129,0.4642039979375487,0.9004275543200412,0.9004254269622254,-0.1346159915725166,0.14467866447387542,-0.009641353976524698,0.1454847633292327,0.14548473226089093,-0.13965610027821376,0.24755560050443864,0.7998476690874666,-0.9187448459274751,5.747627649672521,4.588767399194999,3.857883889142008,-0.5128507814067893,-0.29183595418994335,0.047877548909947824,0.3553658558387748,-1.9133376237996484,5.971249232160896,2.7244516473534026,4.160684405541876,-0.10343034969417647,-0.14548491977489048,-0.1615060613178072,-0.10320951994977158,-0.1084062504074411,-0.15019176809894694,-0.14324293058545293,-0.09819131710974494,-0.0714494863860287,-0.13539603995059957,-0.1490048608670997,-0.15511524115065614,5.900850342081885,0.0,0.0,0.0,0.5551570804989606,0.08257828454156813,3.5383548822540556,3.830254163857857,7.579331981019336,0.0,0.0,0.0,0.39471408571285105,0.038259552412233055,-0.09151589199402053,3.810543489810672,3.910732856975522,0.0,0.0,0.0,0.6915174959250446,0.11709987155484902,4.475435910384541,3.8262875595129437,0.11457022661597792,0.0,0.0,9
-0.1370824823868174,0.3407390687432625,0.0,0.0,0.9004002054659959,0.9003967077580145,-0.19632258432590913,-0.071540983107235,-0.08067629808011668,0.9004002054659959,0.9003966391336562,-0.2009794826282683,-0.0651997122579357,-0.029633666906892567,0.14548446574377638,0.14548442447025997,-0.1867234049138182,-0.07653983323449205,-0.09898684365014068,-0.03563694640361481,-1.1994059574487987,-1.660872844600002,-1.0907518090407473,-0.05988782937697708,-0.16655753401721446,-0.22048006765406938,-0.24084265940109853,-1.7004196496045092,-1.356853009558043,-0.21645753524693764,-1.0821911589988953,0.005422055426508285,-0.059410817175158,-0.18918989525825564,-0.183671982288139,-0.1084062504074411,-0.15557419750768584,-0.17947983548286336,-0.2073839416883325,-0.0714494863860287,-0.13916137597718262,-0.1649658348696086,-0.18626394196723606,-0.25261971074321976,0.0,0.0,0.0,-0.08335322064438026,-0.10127155074793442,-0.19093729161496473,-0.2587324004725175,-0.2429501181333186,0.0,0.0,0.0,-0.06388872561390484,-0.09380554071093543,-0.09151589199402053,-0.2574009509673434,-0.2542389753742014,0.0,0.0,0.0,-0.09840829978629038,-0.09963886804988531,-0.17321911401935097,-0.25846445766246373,0.11457022661597792,0.0,0.0,9
-0.1370824823868174,-2.676230888125344,0.0,0.0,0.900388592944927,0.9004574126525556,3.1392301095061765,0.06239575160486348,-0.027703533000315972,0.900388592944927,0.9004574733742695,3.1402200607571413,0.0908282914966344,0.005420689922869993,0.14548434126368828,0.1454850739062898,3.382655980836704,0.031007530427754004,-0.053928367928056005,-0.49485305415602215,-0.3419225368421474,0.01293902528136198,3.857883889142008,-0.5128507814067893,0.6203575064274186,1.3172416624836463,1.1597741700513022,-1.8111369961859816,-0.5806460806396113,2.637527606789354,4.160684405541876,-0.10343034969417647,0.11656732239112096,1.4618853800007383,4.587291622467212,-0.1084062504074411,0.2089418701328346,1.6001284132364895,4.583305697387854,-0.0714494863860287,0.7213374169290234,2.055707594842244,4.985713358524587,3.8496936578068497,0.0,0.0,0.0,0.23846966572277278,1.887649394656684,-0.19093729161496473,3.830254163857857,3.668190931443009,0.0,0.0,0.0,0.2793041067034688,1.5900243966094627,-0.09151589199402053,3.810543489810672,3.910732856975522,0.0,0.0,0.0,0.16845852308916065,2.005823173824677,-0.17321911401935097,3.8262875595129437,0.11457022661597792,0.0,0.0,9
-0.1370824823868174,0.3407390687432625,0.0,0.0,0.9003668783830213,0.9003632513030979,-0.20228841143997486,-0.07225722233029436,-0.080797475834917,0.9003668783830213,0.9003633120213861,-0.2009794826282683,-0.0651997122579357,-0.029638467558334606,-7.362024306121859,-7.362024306732972,-0.1867234049138182,-0.07799317598668457,-0.0991862853200035,-0.10628557836552363,-1.2183232408029083,-1.660872844600002,-1.0983944896557014,-0.12957443738156357,-0.1912739728133815,-0.22048006765406938,-0.2503062866271283,-2.2540063825118715,-1.7400437719354969,-0.21645753524693764,-1.3453470753658066,-0.10343034969417647,-0.1483197519243213,-0.18918989525825564,-0.21261215947796053,-0.1084062504074411,-0.15557419750768584,-0.17947983548286336,-0.2073839416883325,-0.0714494863860287,-0.13916137597718262,-0.1649658348696086,-0.18626394196723606,-0.25261971074321976,0.0,0.0,0.0,-0.08335322064438026,-0.10127155074793442,-0.19093729161496473,-0.2587324004725175,-0.2429501181333186,0.0,0.0,0.0,-0.06388872561390484,-0.09380554071093543,-0.09151589199402053,-0.2574009509673434,-0.2542389753742014,0.0,0.0,0.0,-0.09840829978629038,-0.09963886804988531,-0.17321911401935097,-0.25846445766246373,0.11457022661597792,0.0,0.0,9
-0.1370824823868174,-2.676230888125344,0.0,0.0,0.900382714663441,0.9003792002827998,-0.19709091054514488,-0.07082474388417566,-0.08062927387676133,0.900382714663441,0.9003792610016682,-0.19578247788096736,-0.06381893346364746,-0.029540054203772825,0.14548427844445985,0.14548423717094447,-0.1867234049138182,-0.07653983323449205,-0.09902673198411324,-0.49485305415602215,-1.3223682992505112,-1.660872844600002,-1.1404292330379486,-0.5128507814067893,-0.32721438619230003,-0.22048006765406938,-0.3023562363702918,-1.8111369961859816,-1.433491162033534,-0.21645753524693764,-1.1348223422722776,-0.10343034969417647,-0.109590481105557,-0.11492462720976918,-0.18739912632016148,-0.03103665263096423,-0.09150551104888023,-0.17947983548286336,-0.18221930876941952,-0.0714494863860287,-0.13916137597718262,-0.1649658348696086,-0.18626394196723606,-0.25261971074321976,0.0,0.0,0.0,-0.07821774905341505,-0.10127155074793442,-0.19093729161496473,3.830254163857857,-0.2429501181333186,0.0,0.0,0.0,-0.057814516192358396,-0.09380554071093543,-0.09151589199402053,3.810543489810672,-0.2542389753742014,0.0,0.0,0.0,-0.09485007548128438,-0.09963886804988531,-0.17321911401935097,3.8262875595129437,-8.488871014298153,0.0,0.0,9
-0.1370824823868174,-2.676230888125344,0.0,0.0,0.9003924948147183,0.9003908980630155,-0.10864300401312507,0.18773761564024974,0.44903869235544863,0.9003924948147183,0.900390852465573,-0.11224627548630818,0.1350132129138578,-0.010687895990889014,0.14548438302786118,0.1454843623167008,-0.09188774179852482,0.23883554399128354,0.7754574870299351,-0.9187448459274751,5.799806986616426,4.591080381162933,3.857883889142008,-0.5128507814067893,-0.29623419235874815,0.009840812229971045,0.20394782022229904,-1.9133376237996484,5.9685266422850365,2.7842916333159757,4.160684405541876,-0.10343034969417647,-0.14447512147102248,-0.167472506975075,-0.1842200917046129,-0.1084062504074411,-0.14803003763590983,-0.15164319280592983,-0.17817108521289873,-0.0714494863860287,-0.13136484829120082,-0.14161412295401182,-0.1553503256851209,3.8496936578068497,0.0,0.0,0.0,0.5346151941350998,0.18286001288129677,3.5383548822540556,3.830254163857857,3.668190931443009,0.0,0.0,0.0,0.3764914574482118,0.038259552412233055,-0.09151589199402053,3.810543489810672,3.910732856975522,0.0,0.0,0.0,0.6701681500950085,0.30287593407319274,4.475435910384541,3.8262875595129437,0.11457022661597792,0.0,0.0,9
-0.1370824823868174,-2.676230888125344,0.0,0.0,0.9003668783830213,0.9003647965702616,-0.1310148556908715,-0.0457563710770984,-0.06524150764032634,0.9003668783830213,0.900364857288606,-0.12971273057180224,-0.0389649151664593,-0.02301596889404298,0.1454841091077212,0.14548408288251743,-0.11731907434945234,-0.05183300644721931,-0.08126108169940979,-0.49485305415602215,0.3423526359111347,1.694621985347039,3.857883889142008,-0.5128507814067893,0.7739029621769402,1.4910889691419957,1.0840651522430644,-1.8111369961859816,0.17328993217483146,5.446423559800705,4.160684405541876,-0.10343034969417647,-0.1196118505935616,-0.13797001538626977,-0.18356236040484422,-0.1084062504074411,-0.10933331945480874,-0.13513464813586867,-0.1780616737654252,-0.0714494863860287,-0.06632859008312687,-0.12026849069222025,-0.15452752981449425,3.8496936578068497,0.0,0.0,0.0,-0.020015737689142693,0.2998553626109802,-0.19093729161496473,-0.2587324004725175,3.668190931443009,0.0,0.0,0.0,-0.006183736109213696,0.30238973865857,-0.09151589199402053,-0.2574009509673434,3.910732856975522,0.0,0.0,0.0,-0.03436026229618214,0.2719132569868021,-0.17321911401935097,-0.25846445766246373,0.11457022661597792,0.0,0.0,9
-0.1370824823868174,-2.676230888125344,0.0,0.0,0.9003823653373283,0.9004299677474483,2.1606084844996234,-0.06581106932276021,-0.07985699176781003,0.9003823653373283,0.9004299211715495,2.1567434015124722,-0.061057375875071,-0.02929042032878684,0.14548427464438138,0.14548478029388268,2.3357408489136833,-0.06927311947352949,-0.09803566030156416,-0.49485305415602215,-1.2627788566850662,-1.4679386106553902,-0.8996847936668957,-0.5128507814067893,-0.32721438619230003,-0.22048006765406938,-0.3023562363702918,-1.8111369961859816,-1.3715911158033298,0.08787833566681658,-0.8797635310243481,-0.10343034969417647,3.764384349160175,8.68703353361694,4.720153345020482,4.57413636284716,9.533096845764218,6.812965894062551,4.739764067275009,-0.0714494863860287,8.860875527537917,8.907081510695722,5.128057044142996,-0.25261971074321976,0.0,0.0,0.0,-0.06623498200782957,-0.08455792935797965,-0.19093729161496473,3.830254163857857,-0.2429501181333186,0.0,0.0,0.0,-0.05174030677081196,-0.09380554071093543,-0.09151589199402053,3.810543489810672,-0.2542389753742014,0.0,0.0,0.0,-0.0770589539562543,-0.06867619096349468,-0.17321911401935097,3.8262875595129437,0.11457022661597792,0.0,0.0,9
-0.1370824823868174,-2.676230888125344,0.0,0.0,0.9004068064066911,0.9004051979085154,-0.10918535193258559,0.20206240010143675,0.5160879718473524,0.9004068064066911,0.900405148882021,-0.11294674134355309,0.12534776135384018,-0.011100752014904295,0.14548453613171286,0.14548451529999745,-0.09244375001969529,0.27807579830048146,0.8897344955279481,-0.9187448459274751,6.316396234507827,4.478507286439473,3.857883889142008,-0.5128507814067893,-0.2776036924935187,0.14997594846183163,0.809619962688202,-1.9133376237996484,6.0151838276557665,2.5320643936433065,4.160684405541876,-0.10343034969417647,-0.144696988937074,-0.16880494907633775,-0.1842200917046129,-0.1084062504074411,-0.14770993782137498,-0.1524444810546029,-0.179046376792687,-0.0714494863860287,-0.1322682306962559,-0.14369162365686974,-0.15464507208172662,3.8496936578068497,0.0,0.0,0.0,0.5688516714082011,0.18286001288129677,3.5383548822540556,3.830254163857857,3.668190931443009,0.0,0.0,0.0,0.3552317244727992,0.038259552412233055,-0.09151589199402053,3.810543489810672,3.910732856975522,0.0,0.0,0.0,0.766240206330171,0.30287593407319274,4.475435910384541,3.8262875595129437,0.11457022661597792,0.0,0.0,9
-0.1370824823868174,-2.676230888125344,0.0,0.0,0.9004535122388357,0.9004567380067457,0.11378743645562071,0.003664135313996762,-0.04151237117793482,0.9004535122388357,0.900456798728435,0.11506619302607252,0.005220006250764092,-0.004759091459971901,0.14548503583941252,0.1454850666887615,0.145914556969036,0.0019406753839037165,-0.06434229142827769,-0.49485305415602215,0.11145570076658277,0.417137476837429,3.857883889142008,-0.5128507814067893,1.5084565105537957,1.366893582970139,1.1597741700513022,-1.8111369961859816,-0.5228369754156752,3.1417783077328156,4.160684405541876,-0.10343034969417647,-0.10388117022275802,-0.06648482696117648,0.06823910552326201,-0.1084062504074411,-0.07917788740544249,-0.0487587374681225,0.07292818673886323,-0.0714494863860287,-0.02926906025071278,-0.018064711695416843,0.146380674300391,3.8496936578068497,0.0,0.0,0.0,0.09810010890305709,1.3026726460082667,-0.19093729161496473,3.830254163857857,3.668190931443009,0.0,0.0,0.0,0.09100361463552928,1.2928779370823338,-0.09151589199402053,3.810543489810672,3.910732856975522,0.0,0.0,0.0,0.09729403698904036,1.2007935695785206,-0.17321911401935097,3.8262875595129437,0.11457022661597792,0.0,0.0,9
-0.1370824823868174,-2.676230888125344,0.0,0.0,0.9003992799722697,0.9003968542497336,-0.14687853233509174,0.03732737879778622,0.09581096298212625,0.9003992799722697,0.9003967949342192,-0.15111083272699355,0.039739476107969865,-0.019223454254832843,0.14548445561722242,0.14548442603746475,-0.13279060746028276,0.03391421593213903,0.18711683426814765,-0.9187448459274751,4.187167638131611,4.6121765497925304,3.857883889142008,-0.5128507814067893,-0.26333683657623186,0.1233139426464659,0.2512659563524477,-1.9133376237996484,5.403841711916217,4.645661512297561,4.160684405541876,-0.10343034969417647,-0.14292252702817979,-0.16254341690572044,-0.18279500722178077,-0.1084062504074411,-0.14748497605376226,-0.14911122426602294,-0.17543579902606038,-0.0714494863860287,-0.12650152396062936,-0.13436273155309256,-0.15335210714217049,3.8496936578068497,0.0,0.0,0.0,0.1751321827675352,0.06586466315161335,3.5383548822540556,3.830254163857857,3.668190931443009,0.0,0.0,0.0,0.16693123240485974,0.038259552412233055,-0.09151589199402053,3.810543489810672,3.910732856975522,0.0,0.0,0.0,0.16845852308916065,0.0861371944684584,4.475435910384541,3.8262875595129437,0.11457022661597792,0.0,0.0,9
-0.1370824823868174,-2.676230888125344,0.0,0.0,0.9004019976608347,0.9004007718008563,-0.09153644672014116,0.20492735699367415,0.5491694989078405,0.9004019976608347,0.9004007237540786,-0.09525432952991551,0.11153997341095787,-0.012348921389834214,0.14548448467602945,0.14548446794839906,-0.07351529622941369,0.29842259683117667,0.947452914786248,-0.9187448459274751,6.678472418299458,4.377567765518785,3.857883889142008,-0.5128507814067893,-0.27375790228431085,0.21415385516862417,1.0083561344348264,-1.9133376237996484,6.024149928959848,2.4901904962552432,4.160684405541876,-0.10343034969417647,-0.14405478941937214,-0.16872995188848947,-0.18443933547120245,-0.1084062504074411,-0.14539154180317662,-0.15199484012131623,-0.1792651996876341,-0.0714494863860287,-0.13133344292059204,-0.14363030986521214,-0.1558204947540504,3.8496936578068497,0.0,0.0,0.0,0.5756989668628214,0.23300087705116113,3.5383548822540556,3.830254163857857,3.668190931443009,0.0,0.0,0.0,0.3248606773650671,0.038259552412233055,-0.09151589199402053,3.810543489810672,3.910732856975522,0.0,0.0,0.0,0.8160553466002551,0.3957639653323646,4.475435910384541,3.8262875595129437,0.11457022661597792,0.0,0.0,9
-0.1370824823868174,-2.676230888125344,0.0,0.0,0.9003902611853388,0.9003888687362583,-0.09921970891249852,0.13401967391079847,0.3885384374923801,0.9003902611853388,0.9003888157896589,-0.1031628150149387,0.06321271561086979,-0.016333462086725876,0.14548435919481723,0.14548434060645943,-0.08209716225182745,0.20540866069085573,0.6800353871674147,-0.9187448459274751,6.6809517140952375,4.368280200703991,3.857883889142008,-0.5128507814067893,-0.23281862525800273,0.39822909829277914,1.0367470161129158,-1.9133376237996484,5.937557273455314,2.9085983251811043,4.160684405541876,-0.10343034969417647,-0.14298629165244983,-0.16438528107789618,-0.1780812662401053,-0.1084062504074411,-0.14260770177696264,-0.14599893568951092,-0.1729193357341691,-0.0714494863860287,-0.12954019966564737,-0.13938356181931316,-0.14806270511671352,3.8496936578068497,0.0,0.0,0.0,0.4062284043609696,0.18286001288129677,3.5383548822540556,3.830254163857857,3.668190931443009,0.0,0.0,0.0,0.21856201248800444,0.038259552412233055,-0.09151589199402053,3.810543489810672,3.910732856975522,0.0,0.0,0.0,0.5883289910798702,0.30287593407319274,4.475435910384541,3.8262875595129437,0.11457022661597792,0.0,0.0,9
-0.1370824823868174,-2.676230888125344,0.0,0.0,0.9004047976590588,0.9004031847497406,-0.10938873240238328,0.2056435962167335,0.500582645102529,0.9004047976590588,0.9004031313137231,-0.11335346345421143,0.14191710688529896,-0.009487733130379476,0.14548451469402873,0.14548449376272515,-0.09290306115892306,0.26790239903513385,0.8613677534066901,-0.9187448459274751,6.003434783088259,4.549084115664172,3.857883889142008,-0.5128507814067893,-0.27761782357482645,0.18667333275471545,0.8853289804964399,-1.9133376237996484,6.014280786908154,2.546359764177594,4.160684405541876,-0.10343034969417647,-0.14475148584776507,-0.17249165486008924,-0.18334311663825467,-0.1084062504074411,-0.14837250573704097,-0.15851896391111578,-0.1777334394230046,-0.0714494863860287,-0.132099209550906,-0.14726932706344295,-0.1537047339438676,3.8496936578068497,0.0,0.0,0.0,0.5774107907264765,0.18286001288129677,3.5383548822540556,3.830254163857857,3.668190931443009,0.0,0.0,0.0,0.3916769810020779,0.038259552412233055,-0.09151589199402053,3.810543489810672,3.910732856975522,0.0,0.0,0.0,0.7413326361951288,0.30287593407319274,4.475435910384541,3.8262875595129437,0.11457022661597792,0.0,0.0,9
-0.1370824823868174,-2.676230888125344,0.0,0.0,0.9004206216910173,0.9004239243516132,0.1173352957620916,7.805657992099498,18.463376171044374,0.9004206216910173,0.9004238709163502,0.11334892189218176,4.875226813705354,0.4184807416244374,0.14548468394166209,0.14548471564013393,0.14983078878771494,10.707263388033965,30.788216256332785,-0.9187448459274751,7.002321540721054,4.275911142979493,3.857883889142008,-0.5128507814067893,-0.3249837603942657,-0.14977640837345416,0.5824929092634884,-1.9133376237996484,6.2567903163560015,0.48113380364639907,4.160684405541876,-0.10343034969417647,-0.14788667950551598,-0.18560071423599867,-0.184658579237792,-0.1084062504074411,-0.15449117870032633,-0.17438962660530627,-0.1792651996876341,-0.0714494863860287,-0.13835220485482935,-0.16124193128383865,-0.15546786795235326,3.8496936578068497,0.0,0.0,0.0,18.74157380797042,0.9182593540393069,3.5383548822540556,3.830254163857857,3.668190931443009,0.0,0.0,0.0,10.80287192953267,0.038259552412233055,-0.09151589199402053,3.810543489810672,3.910732856975522,0.0,0.0,0.0,26.300057819053325,1.66523372587438,4.475435910384541,3.8262875595129437,0.11457022661597792,0.0,0.0,9
-0.1370824823868174,-2.676230888125344,0.0,0.0,0.9004028060592721,0.900401174530599,-0.1102474499415291,0.22068461990097984,0.5257840008545842,0.9004028060592721,0.9004011225643249,-0.11414431200271374,0.1571056736224695,-0.00784591033720243,0.14548449336117436,0.1454844722569018,-0.09370081208495026,0.28243582655705896,0.9020231707248804,-0.9187448459274751,5.924473835984896,4.560723273048022,3.857883889142008,-0.5128507814067893,-0.272441537255115,0.2514908441240984,0.9610379983046778,-1.9133376237996484,6.0165740026806676,2.525163574550961,4.160684405541876,-0.10343034969417647,-0.14496598728001756,-0.17360830734757357,-0.18400084793802335,-0.1084062504074411,-0.148925103204116,-0.1601812416998692,-0.17817108521289873,-0.0714494863860287,-0.13244274541348963,-0.1483785837511774,-0.15523278341788851,3.8496936578068497,0.0,0.0,0.0,0.613359091863233,0.18286001288129677,3.5383548822540556,3.830254163857857,3.668190931443009,0.0,0.0,0.0,0.42508513282058324,0.038259552412233055,-0.09151589199402053,3.810543489810672,3.910732856975522,0.0,0.0,0.0,0.776914879245189,0.30287593407319274,4.475435910384541,3.8262875595129437,0.11457022661597792,0.0,0.0,9
-0.1370824823868174,-2.676230888125344,0.0,0.0,0.9004304091913714,0.9004279536087959,-0.14825699996372055,0.20206240010143675,0.5459284461227333,0.9004304091913714,0.9004279036032516,-0.15205985098519634,0.10739763702809317,-0.012800182625385799,0.14548478869279102,0.14548475874612743,-0.13448280639427984,0.2969692540789841,0.9425313080407102,-0.9187448459274751,6.722797612189417,4.3666073130043035,3.857883889142008,-0.5128507814067893,-0.2756237242606179,0.1735478047758652,0.809619962688202,-1.9133376237996484,6.017592660486666,2.5394359249918796,4.160684405541876,-0.10343034969417647,-0.14621731835575133,-0.1733006279639441,-0.18400084793802335,-0.1084062504074411,-0.15074954685783143,-0.15732439962819372,-0.17882755389773994,-0.0714494863860287,-0.13553507126172004,-0.14883455745335725,-0.15440998754726187,3.8496936578068497,0.0,0.0,0.0,0.5688516714082011,0.08257828454156813,3.5383548822540556,3.830254163857857,3.668190931443009,0.0,0.0,0.0,0.3157493632327474,0.038259552412233055,-0.09151589199402053,3.810543489810672,3.910732856975522,0.0,0.0,0.0,0.8124971222952491,0.11709987155484902,4.475435910384541,3.8262875595129437,0.11457022661597792,0.0,0.0,9
-0.1370824823868174,-2.676230888125344,0.0,0.0,0.9004063027499677,0.9004047128690442,-0.10832663439343976,0.19633248631696196,0.5208500767486844,0.9004063027499677,0.900404660902899,-0.11222367981349383,0.11153997341095787,-0.012502542235979434,0.14548453077491258,0.14548451011092478,-0.09167017336415377,0.28098248380486646,0.8996053240194665,-0.9187448459274751,6.555623667336047,4.4209109670366695,3.857883889142008,-0.5128507814067893,-0.2798891119081666,0.11735313874338135,0.47839300977716137,-1.9133376237996484,6.029169819223589,2.489122201008021,4.160684405541876,-0.10343034969417647,-0.14458557666485647,-0.16916794307015331,-0.183671982288139,-0.1084062504074411,-0.1470259026567963,-0.15254910501259886,-0.17849931955531934,-0.0714494863860287,-0.13226817321745432,-0.14422007750222693,-0.15382227621109998,3.8496936578068497,0.0,0.0,0.0,0.5551570804989606,0.19957363427125155,3.5383548822540556,3.830254163857857,3.668190931443009,0.0,0.0,0.0,0.3248606773650671,0.038259552412233055,-0.09151589199402053,3.810543489810672,3.910732856975522,0.0,0.0,0.0,0.7733566549401829,0.33383861115958335,4.475435910384541,3.8262875595129437,0.11457022661597792,0.0,0.0,9
-0.1370824823868174,0.3407390687432625,0.0,0.0,-0.706903332946852,-0.7069083139011424,-0.20226581360999735,-0.071540983107235,-0.08012647662550029,-0.706903332946852,-0.7069083121461067,-0.2009794826282683,-0.0651997122579357,-0.029643268209776644,0.12828911756681463,0.12828907638643222,-0.1867234049138182,-0.07653983323449205,-0.09804179696832917,-0.17693421032743245,0.2383075774635318,0.4756539400594254,0.08622100566217832,-0.19926104538615008,-0.2159904116095485,-0.22048006765406938,-0.259769913853158,0.9227297924796073,0.4588816798612756,-0.21645753524693764,0.16476302932431525,-0.10301802997781025,-0.14798297565633206,-0.18918989525825564,-0.21250253759466575,-0.1084062504074411,-0.15557419750768584,-0.17947983548286336,-0.2073839416883325,-0.0714494863860287,-0.13916137597718262,-0.1649658348696086,-0.18626394196723606,-0.25261971074321976,0.0,0.0,0.0,-0.08335322064438026,-0.10127155074793442,-0.19093729161496473,-0.2587324004725175,-0.2429501181333186,0.0,0.0,0.0,-0.06388872561390484,-0.09380554071093543,-0.09151589199402053,-0.2574009509673434,-0.2542389753742014,0.0,0.0,0.0,-0.09840829978629038,-0.09963886804988531,-0.17321911401935097,-0.25846445766246373,0.11457022661597792,0.0,0.0,10
-0.1370824823868174,0.3407390687432625,0.0,0.0,-0.7074249557131305,-0.7074299366170268,-0.2022432157800198,-0.071540983107235,-0.08012647662550029,-0.7074249557131305,-0.7074299353709069,-0.2009794826282683,-0.0651997122579357,-0.029643268209776644,0.1282835371174937,0.1282834959371415,-0.1867234049138182,-0.07653983323449205,-0.09804179696832917,-0.17693421032743245,0.2383075774635318,0.4756539400594254,0.08622100566217832,-0.19926104538615008,-0.2159904116095485,-0.22048006765406938,-0.259769913853158,0.9227297924796073,0.4588816798612756,-0.21645753524693764,0.16476302932431525,-0.10260571026144401,-0.1476461993883428,-0.18918989525825564,-0.21239291571137098,-0.1084062504074411,-0.15557419750768584,-0.17947983548286336,-0.2073839416883325,-0.0714494863860287,-0.13916137597718262,-0.1649658348696086,-0.18626394196723606,-0.25261971074321976,0.0,0.0,0.0,-0.08335322064438026,-0.10127155074793442,-0.19093729161496473,-0.2587324004725175,-0.2429501181333186,0.0,0.0,0.0,-0.06388872561390484,-0.09380554071093543,-0.09151589199402053,-0.2574009509673434,-0.2542389753742014,0.0,0.0,0.0,-0.09840829978629038,-0.09963886804988531,-0.17321911401935097,-0.25846445766246373,0.11457022661597792,0.0,0.0,11
-0.1370824823868174,-2.676230888125344,0.0,0.0,1.4087025938410558,1.408711173239799,0.340963421219646,-0.0686760262149976,-0.0803362769173934,1.4087025938410558,1.4087112524520293,0.34222049182875275,-0.062438154669359223,-0.029410436614837793,0.15092241409766025,0.15092249736388338,0.38780230744867544,-0.07363314773010703,-0.09869535197880272,-0.49485305415602215,-1.3129096575734565,-1.6502642129901148,-1.1327865524229945,-0.5128507814067893,-0.3189755732602445,-0.20250064900089795,-0.2928926091442621,-1.8111369961859816,-1.4256308387027143,-0.2027941728290691,-1.1267252371532956,-0.10301802997781025,1.470900544568017,3.7661062143163067,1.9910069385136768,1.1244614706829406,3.1927110687307643,4.39369548974117,2.021874300584935,1.811758898359692,4.985542180708328,4.5964677811792285,2.2096000910303055,-0.25261971074321976,0.0,0.0,0.0,-0.07308227746244984,-0.05113068657807009,-0.19093729161496473,-0.2587324004725175,-0.2429501181333186,0.0,0.0,0.0,-0.05477741148158518,-0.060789267430143304,-0.09151589199402053,-0.2574009509673434,-0.2542389753742014,0.0,0.0,0.0,-0.08773362687127234,-0.037713513877104074,-0.17321911401935097,-0.25846445766246373,-10.209559262480978,0.0,0.0,12
-0.1370824823868174,0.3407390687432625,0.0,0.0,1.4085947995437191,1.4085916619637984,-0.19946368269278464,-0.071540983107235,-0.0803362769173934,1.4085947995437191,1.4085916799293212,-0.2009794826282683,-0.0651997122579357,-0.029633666906892567,0.1509212615364773,0.15092122023351395,-0.1867234049138182,-0.07653983323449205,-0.09840999697422975,-0.03563694640361481,-0.31029363980564695,-0.3734784999975264,-0.3723398312350654,-0.05988782937697708,-0.16655753401721446,-0.22048006765406938,-0.24084265940109853,-0.09927648365706143,-0.24854741991248497,-0.21645753524693764,-0.3210632778145979,-0.0518903851483977,-0.10622271842566444,-0.18918989525825564,-0.19890942406611323,-0.1084062504074411,-0.15557419750768584,-0.17947983548286336,-0.2073839416883325,-0.0714494863860287,-0.13916137597718262,-0.1649658348696086,-0.18626394196723606,-0.25261971074321976,0.0,0.0,0.0,-0.08335322064438026,-0.10127155074793442,-0.19093729161496473,-0.2587324004725175,-0.2429501181333186,0.0,0.0,0.0,-0.06388872561390484,-0.09380554071093543,-0.09151589199402053,-0.2574009509673434,-0.2542389753742014,0.0,0.0,0.0,-0.09840829978629038,-0.09963886804988531,-0.17321911401935097,-0.25846445766246373,0.11457022661597792,0.0,0.0,13
-0.1370824823868174,-2.676230888125344,0.0,0.0,1.4085133227799969,1.4085392576134192,1.1414689503433735,-0.0543512417538106,-0.07628134368959752,1.4085133227799969,1.4085392745971579,1.1397799551569339,-0.048630366726476915,-0.02602117669675886,0.15092038990330323,0.1509206595987659,1.2476327600830766,-0.05909972020818188,-0.09614863527132364,-0.9187448459274751,-0.8829052551781189,-0.6417253209599225,0.8352037059276765,-0.5128507814067893,0.5226508554912885,1.980440137780988,2.1439914015583947,-1.9133376237996484,-1.2910983816944563,0.31461167778406834,-0.5437336685865998,-0.10343034969417647,0.6527228080642011,5.164798655511074,6.217478648943862,-0.1084062504074411,1.2218329214800492,6.3768409065711085,6.218897425669724,-0.0714494863860287,1.9932207443654504,6.550701155183476,6.7231056104863525,3.8496936578068497,0.0,0.0,0.0,-0.045693095643968736,0.0992919059315229,5.403000969188565,3.830254163857857,3.668190931443009,0.0,0.0,0.0,-0.02744346908462622,0.1373083722546094,-0.09151589199402053,3.810543489810672,3.910732856975522,0.0,0.0,0.0,-0.06282605673623025,0.05517451738206778,6.799763422586487,3.8262875595129437,0.11457022661597792,0.0,0.0,13
-0.1370824823868174,0.3407390687432625,0.0,0.0,1.4089339153391367,1.4089307780449714,-0.19946368269278464,-0.071540983107235,-0.0803362769173934,1.4089339153391367,1.4089307960228314,-0.2009794826282683,-0.0651997122579357,-0.029633666906892567,0.15092488948450808,0.15092484818152507,-0.1867234049138182,-0.07653983323449205,-0.09840999697422975,-0.03563694640361481,-0.31029363980564695,-0.3734784999975264,-0.3723398312350654,-0.05988782937697708,-0.16655753401721446,-0.22048006765406938,-0.24084265940109853,-0.09927648365706143,-0.24854741991248497,-0.21645753524693764,-0.3210632778145979,-0.0518903851483977,-0.10622271842566444,-0.18918989525825564,-0.19890942406611323,-0.1084062504074411,-0.15557419750768584,-0.17947983548286336,-0.2073839416883325,-0.0714494863860287,-0.13916137597718262,-0.1649658348696086,-0.18626394196723606,-0.25261971074321976,0.0,0.0,0.0,-0.08335322064438026,-0.10127155074793442,-0.19093729161496473,-0.2587324004725175,-0.2429501181333186,0.0,0.0,0.0,-0.06388872561390484,-0.09380554071093543,-0.09151589199402053,-0.2574009509673434,-0.2542389753742014,0.0,0.0,0.0,-0.09840829978629038,-0.09963886804988531,-0.17321911401935097,-0.25846445766246373,0.11457022661597792,0.0,0.0,13
-0.1370824823868174,0.3407390687432625,0.0,0.0,1.4086767755547187,1.4086736424533246,-0.19926030222298696,-0.071540983107235,-0.08035798039586509,1.4086767755547187,1.40867365601238,-0.2009794826282683,-0.0651997122579357,-0.029633666906892567,0.15092213858410805,0.15092209728113995,-0.1867234049138182,-0.07653983323449205,-0.09844681697481981,-0.03563694640361481,-0.3670454898679758,-0.4556526070998121,-0.4181959149247898,-0.05988782937697708,-0.16655753401721446,-0.22048006765406938,-0.24084265940109853,-0.2014771112707283,-0.319290329889861,-0.21645753524693764,-0.3696459085284893,-0.04817950770110163,-0.10319173201376115,-0.18918989525825564,-0.1979228271164602,-0.1084062504074411,-0.15557419750768584,-0.17947983548286336,-0.2073839416883325,-0.0714494863860287,-0.13916137597718262,-0.1649658348696086,-0.18626394196723606,-0.25261971074321976,0.0,0.0,0.0,-0.08335322064438026,-0.10127155074793442,-0.19093729161496473,-0.2587324004725175,-0.2429501181333186,0.0,0.0,0.0,-0.06388872561390484,-0.09380554071093543,-0.09151589199402053,-0.2574009509673434,-0.2542389753742014,0.0,0.0,0.0,-0.09840829978629038,-0.09963886804988531,-0.17321911401935097,-0.25846445766246373,0.11457022661597792,0.0,0.0,13
-0.1370824823868174,0.3407390687432625,0.0,0.0,1.4089383786783882,1.4089352448175558,-0.199305497882942,-0.071540983107235,-0.0803362769173934,1.4089383786783882,1.4089352593660063,-0.2009794826282683,-0.0651997122579357,-0.029633666906892567,0.1509249372711502,0.15092489596816694,-0.1867234049138182,-0.07653983323449205,-0.09840999697422975,-0.03563694640361481,-0.31029363980564695,-0.3734784999975264,-0.3723398312350654,-0.05988782937697708,-0.16655753401721446,-0.22048006765406938,-0.24084265940109853,-0.09927648365706143,-0.24854741991248497,-0.21645753524693764,-0.3210632778145979,-0.049004147133834094,-0.10386528454973966,-0.18918989525825564,-0.19814207088304978,-0.1084062504074411,-0.15557419750768584,-0.17947983548286336,-0.2073839416883325,-0.0714494863860287,-0.13916137597718262,-0.1649658348696086,-0.18626394196723606,-0.25261971074321976,0.0,0.0,0.0,-0.08335322064438026,-0.10127155074793442,-0.19093729161496473,-0.2587324004725175,-0.2429501181333186,0.0,0.0,0.0,-0.06388872561390484,-0.09380554071093543,-0.09151589199402053,-0.2574009509673434,-0.2542389753742014,0.0,0.0,0.0,-0.09840829978629038,-0.09963886804988531,-0.17321911401935097,-0.25846445766246373,0.11457022661597792,0.0,0.0,13
-0.1370824823868174,0.3407390687432625,0.0,0.0,1.4087253000383781,1.4087221630583624,-0.19944108486280712,-0.071540983107235,-0.08034532003342326,1.4087253000383781,1.408722180538694,-0.2009794826282683,-0.0651997122579357,-0.02962886625545053,0.15092265766958726,0.15092261636661633,-0.1867234049138182,-0.07653983323449205,-0.09843147530790729,0.035011685558294,-0.333940243998284,-0.4351090803242406,-0.3990892133874046,0.009798778627609429,-0.14184109522104746,-0.22048006765406938,-0.2313790321750688,-0.15889351643170044,-0.28981411739928764,-0.21645753524693764,-0.34940314573103454,-0.051478065432031477,-0.10588594215767519,-0.18918989525825564,-0.19879980218281842,-0.1084062504074411,-0.15557419750768584,-0.17947983548286336,-0.2073839416883325,-0.0714494863860287,-0.13916137597718262,-0.1649658348696086,-0.18626394196723606,-0.25261971074321976,0.0,0.0,0.0,-0.08335322064438026,-0.10127155074793442,-0.19093729161496473,-0.2587324004725175,-0.2429501181333186,0.0,0.0,0.0,-0.06388872561390484,-0.09380554071093543,-0.09151589199402053,-0.2574009509673434,-0.2542389753742014,0.0,0.0,0.0,-0.09840829978629038,-0.09963886804988531,-0.17321911401935097,-0.25846445766246373,0.11457022661597792,0.0,0.0,13
-0.1370824823868174,0.3407390687432625,0.0,0.0,1.4089339153391367,1.4089307780449714,-0.19946368269278464,-0.071540983107235,-0.08035798039586509,1.4089339153391367,1.4089307960228314,-0.2009794826282683,-0.0651997122579357,-0.029633666906892567,0.15092488948450808,0.15092484818152507,-0.1867234049138182,-0.07653983323449205,-0.09844681697481981,-0.03563694640361481,-0.3670454898679758,-0.4556526070998121,-0.4181959149247898,-0.05988782937697708,-0.16655753401721446,-0.22048006765406938,-0.24084265940109853,-0.2014771112707283,-0.319290329889861,-0.21645753524693764,-0.3696459085284893,-0.0518903851483977,-0.10622271842566444,-0.18918989525825564,-0.19890942406611323,-0.1084062504074411,-0.15557419750768584,-0.17947983548286336,-0.2073839416883325,-0.0714494863860287,-0.13916137597718262,-0.1649658348696086,-0.18626394196723606,-0.25261971074321976,0.0,0.0,0.0,-0.08335322064438026,-0.10127155074793442,-0.19093729161496473,-0.2587324004725175,-0.2429501181333186,0.0,0.0,0.0,-0.06388872561390484,-0.09380554071093543,-0.09151589199402053,-0.2574009509673434,-0.2542389753742014,0.0,0.0,0.0,-0.09840829978629038,-0.09963886804988531,-0.17321911401935097,-0.25846445766246373,0.11457022661597792,0.0,0.0,13
-0.1370824823868174,0.3407390687432625,0.0,0.0,1.4089328987168594,1.4089297609318985,-0.19948628052276218,-0.071540983107235,-0.0803362769173934,1.4089328987168594,1.4089297793996605,-0.2009794826282683,-0.0651997122579357,-0.029633666906892567,0.1509248786031799,0.15092483730019696,-0.1867234049138182,-0.07653983323449205,-0.09840999697422975,-0.03563694640361481,-0.31029363980564695,-0.3734784999975264,-0.3723398312350654,-0.05988782937697708,-0.16655753401721446,-0.22048006765406938,-0.24084265940109853,-0.09927648365706143,-0.24854741991248497,-0.21645753524693764,-0.3210632778145979,-0.05230270486476393,-0.10655949469365371,-0.18918989525825564,-0.199019045949408,-0.1084062504074411,-0.15557419750768584,-0.17947983548286336,-0.2073839416883325,-0.0714494863860287,-0.13916137597718262,-0.1649658348696086,-0.18626394196723606,-0.25261971074321976,0.0,0.0,0.0,-0.08335322064438026,-0.10127155074793442,-0.19093729161496473,-0.2587324004725175,-0.2429501181333186,0.0,0.0,0.0,-0.06388872561390484,-0.09380554071093543,-0.09151589199402053,-0.2574009509673434,-0.2542389753742014,0.0,0.0,0.0,-0.09840829978629038,-0.09963886804988531,-0.17321911401935097,-0.25846445766246373,0.11457022661597792,0.0,0.0,13
